고유번호,시설명,담당구,주소,연락처,주출입구 접근로 여부,장애인 전용 주차구역 여부,주출입구 높이차이 제거 여부,장애인용 승강기 여부,장애인 화장실 여부,장애인용 객실 이용가능 여부,장애인용 관람석 이용가능 여부,장애인 매표소 여부,시각장애인 편의서비스 여부,청각장애인 편의서비스 여부,안내 서비스 여부,휠체어 대여 여부
1124,롯데리아,은평구,서울시 은평구 응암로 229,02-308-6681,Y,Y,Y,N,N,N,N,N,N,N,N,N
1126,대창타운빌,구로구,서울시 구로구 개봉로23가길 70,,Y,Y,Y,N,N,N,N,N,N,N,N,N
1321,㈜젠 하이더 웨이-동남아음식,강남구,서울시 강남구 언주로168길  24,,Y,Y,N,N,N,N,N,N,N,N,N,N
1318,근린생활시설(생고기전문점취어당),노원구,서울시 노원구 노원로 447,,Y,Y,Y,N,N,N,N,N,N,N,N,N
1349,대원,성동구,서울시 성동구 고산자로26길 12,02-2295-5500,Y,Y,Y,N,N,N,N,N,N,N,N,N
1385,커피빈 압구정점(스마트 익스체인지 빌딩),강남구,서울시 강남구 도산대로49길 13,02-543-5922,Y,N,N,N,N,N,N,N,N,N,N,N
1396,파리크라샹,용산구,서울시 용산구 독서당로  78,,Y,Y,N,N,N,N,N,N,N,N,N,N
1138,최고집칼국수,도봉구,서울시 도봉구 덕릉로    268,02-995-5333,Y,N,N,N,N,N,N,N,N,N,N,N
1147,양지촌,중랑구,서울시 중랑구 망우로 184,,Y,Y,Y,N,N,N,N,N,N,N,N,N
1100,장L카페레스토랑,종로구,서울시 종로구 대학로10길 15-11,,Y,N,Y,N,N,N,N,N,N,N,N,N
1108,세종대왕숯불갈비,동작구,서울시 동작구 여의대방로 136,02-823-2517,Y,Y,N,N,N,N,N,N,N,N,N,N
1319,상하이짬뽕건물,서대문구,서울시 서대문구 명물길  76-5,,Y,Y,N,N,N,N,N,N,N,N,N,N
1333,오렌지팩토리-의류판매,서대문구,서울시 서대문구 증가로 141,02-302-2411,Y,Y,N,N,N,N,N,N,N,N,N,N
1326,돈촌삼겹살,중랑구,서울시 중랑구 사가정로51길 21,,N,Y,N,N,N,N,N,N,N,N,N,N
1166,상도갈비,동작구,서울시 동작구 매봉로 13,02-816-4085,Y,Y,Y,N,N,N,N,N,N,N,N,N
1174,가족천하,영등포구,서울시 영등포구 가마산로 330,02-847-4500,Y,N,N,N,N,N,N,N,N,N,N,N
1086,송가네(일반음식점),마포구,서울시 마포구 동교로  247,02-3141-6557,Y,Y,Y,N,N,N,N,N,N,N,N,N
1334,카페프렌즈,서초구,서울시 서초구 반포대로16길 30,02-586-4000,Y,Y,Y,N,N,N,N,N,N,N,N,N
1338,넘버원-호프&amp;요리주점,서대문구,서울시 서대문구 연세로5가길 8-3,02-3142-7220,Y,Y,N,N,N,N,N,N,N,N,N,N
1073,대원정,서초구,서울시 서초구 동산로 6,,Y,Y,N,N,N,N,N,N,N,N,N,N
1329,봉산집,강남구,서울시 강남구 삼성로 564,02-552-5898,Y,Y,Y,N,N,N,N,N,N,N,N,N
1337,가야옥,도봉구,서울시 도봉구 도당로   2,02-900-2219,Y,Y,Y,N,N,N,N,N,N,N,N,N
1310,하누소,도봉구,서울시 도봉구 노해로 327,02-900-9900,Y,Y,Y,Y,N,N,N,N,N,N,N,N
1243,렉스모터스-자동차판매점,강남구,서울시 강남구 도산대로  426,02-516-4323,Y,Y,Y,Y,N,N,N,N,N,N,N,N
1150,희래등,동작구,서울시 동작구 등용로 123,,Y,Y,Y,N,N,N,N,N,N,N,N,N
1345,근린생활시설(대게나라),노원구,서울시 노원구 상계로 122,02-932-9981,Y,Y,Y,N,N,N,N,N,N,N,N,N
1106,어부박씨,노원구,서울시 노원구 노원로 238,02-951-7888,Y,N,N,N,N,N,N,N,N,N,N,N
1149,아웃백스테이크하우스 신대방점,동작구,서울시 동작구 여의대방로 122,02-821-0671,Y,Y,N,N,N,N,N,N,N,N,N,N
1116,두울빌딩,강동구,서울시 강동구 강동대로53길 22,,N,Y,Y,N,N,N,N,N,N,N,N,N
1129,(주) 씨머스,강남구,서울시 강남구 학동로2길  56,02-546-7602,Y,Y,Y,N,N,N,N,N,N,N,N,N
1087,수원왕갈비,성동구,서울시 성동구 마장로   317,02-2299-8592,Y,Y,Y,N,N,N,N,N,N,N,N,N
1156,퍼쥬망 왕갈비전문점,종로구,서울시 종로구 삼일대로15길 18,02-732-8555,Y,Y,Y,N,N,N,N,N,N,N,N,N
1159,옥토빌딩&lt;일반음식점&gt;-다미식당,도봉구,서울시 도봉구 방학로 214,,Y,Y,Y,N,N,N,N,N,N,N,N,N
1180,손문 대구막창 갈매기살,강남구,서울시 강남구 삼성로64길 49,,Y,Y,Y,N,N,N,N,N,N,N,N,N
1187,천둥소리,도봉구,서울시 도봉구 시루봉로   135,02-3491-3377,Y,Y,N,N,N,N,N,N,N,N,N,N
1265,일식미진(일반음식점) ,마포구,서울시 마포구 월드컵북로2길 37,02-324-4848,Y,Y,Y,N,N,N,N,N,N,N,N,N
1043,궁안뜰,노원구,서울시 노원구 공릉로51길 7,,Y,Y,N,N,N,N,N,N,N,N,N,N
1294,산화로구이,강서구,서울시 강서구 강서로  374,,Y,N,Y,N,N,N,N,N,N,N,N,N
1202,고릴라 인더 키친(연우빌딩),강남구,서울시 강남구 도산대로45길 18,02-3442-1688,Y,Y,Y,N,N,N,N,N,N,N,N,N
1233,The만나,노원구,서울시 노원구 석계로 103,02-971-1100,Y,Y,Y,N,N,N,N,N,N,N,N,N
1245,아웃백스테이크하우스 삼봉점,중랑구,서울시 중랑구 망우로 293,02-434-8491,N,Y,N,N,N,N,N,N,N,N,N,N
1179,대학로바탕골,종로구,서울시 종로구 대학로10길 5,,Y,Y,Y,N,N,N,N,N,N,N,N,N
1181,황토궁,강남구,서울시 강남구 테헤란로83길 47,1577-9070,Y,Y,Y,N,N,N,N,N,N,N,N,N
1236,정동진회집 하계점,노원구,서울시 노원구 한글비석로1길 61,02-976-4983,Y,Y,N,N,N,N,N,N,N,N,N,N
994,감자바우,강남구,서울시 강남구 언주로 855,02-517-1161,Y,N,Y,N,N,N,N,N,N,N,N,N
1206,코다리냉면,송파구,서울시 송파구 문정로 31,,Y,Y,Y,N,N,N,Y,N,N,N,N,N
1220,아웃백스테이크하우스 봉천점,관악구,서울시 관악구 남부순환로 1840,02-884-4761,Y,Y,Y,N,N,N,N,N,N,N,N,N
1311,청송면옥,관악구,서울시 관악구 보라매로3길 16,02-873-3329,Y,N,N,N,N,N,N,N,N,N,N,N
1263,공룡고기,금천구,서울시 금천구 시흥대로  185,,Y,Y,Y,N,N,N,N,N,N,N,N,N
1268,오삼 부대찌개(상류사회빌딩),강남구,서울시 강남구 논현로131길  14,,Y,Y,Y,N,N,N,N,N,N,N,N,N
1273,AB엔터테인먼트-연예기획사,강남구,서울시 강남구 도산대로90길 16,02-547-5420,Y,Y,Y,N,N,N,N,N,N,N,N,N
1199,트라이랜드,서초구,서울시 서초구 서초대로77길  58,,Y,Y,Y,N,N,N,N,N,N,N,N,N
997,연안본가,송파구,서울시 송파구 새말로  14,,Y,Y,N,N,N,N,N,N,N,N,N,N
1061,한국맥도날드송정역,강서구,서울시 강서구 공항대로 21,02-2665-6747,Y,Y,Y,N,N,N,N,N,N,N,N,N
1001,전원일기(전원도시),강서구,서울시 강서구 강서로  323,02-2667-0603,N,N,Y,N,N,N,N,N,N,N,N,N
1007,수원갈비,노원구,서울시 노원구 동일로 1612,,Y,N,Y,N,N,N,N,N,N,N,N,N
1017,정원순두부,중구,서울시 중구 무교로  24,02-755-7139,Y,N,Y,N,N,N,N,N,N,N,N,N
1184,아지코우보,강남구,서울시 강남구 선릉로162길  49,02-512-3991,Y,Y,Y,N,N,N,N,N,N,N,N,N
1192,뚝심,관악구,서울시 관악구 남부순환로  1852,02-887-9191,Y,Y,Y,N,N,N,N,N,N,N,N,N
1348,서울집,서초구,서울시 서초구 반포대로 46,02-525-2727,Y,Y,N,N,N,N,N,N,N,N,N,N
1211,볼트82,용산구,서울시 용산구 대사관로12길 3,,Y,Y,N,N,N,N,N,N,N,N,N,N
1228,공룡고기,도봉구,서울시 도봉구 마들로 542,02-998-7792,Y,Y,N,N,N,N,N,N,N,N,N,N
1036,마법의 성(일반음식점),마포구,서울시 마포구 어울마당로  94-13,,Y,Y,Y,N,N,N,N,N,N,N,N,N
1025,철판해물손짜장,은평구,서울시 은평구 은평로 205-7,,Y,Y,Y,N,N,N,N,N,N,N,N,N
1035,아웃백스테이크하우스 신촌점,서대문구,서울시 서대문구 연세로12길 33,02-3147-1871,Y,N,N,N,N,N,N,N,N,N,N,N
1168,지태하,강남구,서울시 강남구 언주로148길 14,,Y,Y,Y,N,N,N,N,N,N,N,N,N
1272,본돈,강남구,서울시 강남구 테헤란로1길 29-9,02-556-5567,Y,Y,N,N,N,N,N,N,N,N,N,N
1274,홍천한우,서초구,서울시 서초구 효령로55길 47,,N,Y,N,N,N,N,N,N,N,N,N,N
1256,원챠우,강남구,서울시 강남구 언주로173길  8,02-545-0765,Y,N,Y,N,N,N,N,N,N,N,N,N
1259,효천공영-음악감상실,종로구,서울시 종로구 성균관로 87,02-3676-2352,Y,Y,Y,N,N,N,N,N,N,N,N,N
1000,동원F&amp;B,은평구,서울시 은평구 연서로  165,02-383-0417,Y,Y,Y,N,N,N,N,N,N,N,N,N
1019,브리꼴라쥬카페,은평구,서울시 은평구 진흥로 87,02-702-2688,Y,Y,Y,N,N,N,N,N,N,N,N,N
1098,경복궁(불고기브라더스),강서구,서울시 강서구 공항대로  280,02-3665-7931,Y,Y,Y,N,N,N,N,N,N,N,N,N
981,정우씨티,강남구,서울시 강남구 테헤란로4길  29,,Y,Y,Y,N,N,N,N,N,N,N,N,N
1117,금강수산,광진구,서울시 광진구 아차산로 230,02-461-4300,Y,N,N,N,N,N,N,N,N,N,N,N
1395,카페뎀셀브쥬,종로구,서울시 종로구 삼일대로 388,02-2266-5947,Y,Y,N,N,N,N,N,N,N,N,N,N
1297,근린생활시설(고갯마루한정식),노원구,서울시 노원구 수락산로 56,,Y,N,Y,N,N,N,N,N,N,N,N,N
1010,뚜레쥬르 &lt;제과점&gt;,도봉구,서울시 도봉구 도봉로180길 6,02-3494-0435,Y,Y,Y,N,N,N,N,N,N,N,N,N
1194,안동찜닭,중구,서울시 중구 명동4길 25,,Y,N,N,N,N,N,N,N,N,N,N,N
1042,피자스토리,도봉구,서울시 도봉구 도봉로114길  21,,Y,Y,N,N,N,N,N,N,N,N,N,N
1037,와인 바꼬뜨도르(페리빌딩),강남구,서울시 강남구 강남대로94길 27-15,,Y,N,Y,N,N,N,N,N,N,N,N,N
1123,이춘복참치,노원구,서울시 노원구 노해로85길 10-7,02-951-4558,Y,N,Y,N,N,N,N,N,N,N,N,N
1144,Table 2425,강남구,서울시 강남구 도산대로59길 16,,Y,N,N,N,N,N,N,N,N,N,N,N
1148,㈜이리오어라(한정식),강남구,서울시 강남구 언주로153길  12,,Y,Y,N,N,N,N,N,N,N,N,N,N
1009,빕스 문정점,송파구,서울시 송파구 새말로5길 31,02-443-2997,Y,Y,Y,N,N,N,N,N,N,N,N,N
1013,금수복국,강남구,서울시 강남구 삼성로  338,02-508-1900,Y,Y,Y,N,N,N,N,N,N,N,N,N
1155,마루갈비,강동구,서울시 강동구 양재대로 1642,,N,Y,N,N,N,N,N,N,N,N,N,N
1083,enjoy taste &amp; service,서초구,서울시 서초구 서초중앙로 195,,Y,Y,Y,N,N,N,N,N,N,N,N,N
1364,일반음식점(삿뽀로),마포구,서울시 마포구 월드컵북로 14,02-3144-4671,Y,Y,Y,N,N,N,N,N,N,N,N,N
1366,대박고기집(등마루오리한마당),강서구,서울시 강서구 공항대로36길 9,,N,N,Y,N,N,N,N,N,N,N,N,N
1099,대원,강남구,서울시 강남구 강남대로114길 8,,Y,N,Y,N,N,N,N,N,N,N,N,N
1070,해물퓨전주점,광진구,서울시 광진구 아차산로31길 29,,Y,Y,Y,N,N,N,N,N,N,N,N,N
1313,코스모,금천구,서울시 금천구 시흥대로123길  14,,N,Y,N,N,N,N,N,N,N,N,N,N
1324,코다리냉면,송파구,서울시 송파구 문정로  31,02-407-7177,Y,Y,Y,N,N,N,N,N,N,N,N,N
1353,아사달횟집,동대문구,서울시 동대문구 천호대로 301,,Y,N,Y,N,N,N,N,N,N,N,N,N
1250,스타벅스 신촌점,서대문구,서울시 서대문구 연세로  10-1,02-758-8035,Y,Y,Y,N,N,N,N,N,N,N,N,N
1176,타워차이,서초구,서울시 서초구 법원로1길 7,02-599-3507,Y,Y,N,N,N,N,Y,N,N,N,N,N
1047,ZINO,서대문구,서울시 서대문구 연대동문길 45,,Y,Y,N,N,N,N,N,N,N,N,N,N
1049,소담설농탕,구로구,서울시 구로구 경인로 385,,Y,N,N,N,N,N,N,N,N,N,N,N
1050,수정궁(갈비탕 전문점),강남구,서울시 강남구 도곡로63길  20,,Y,Y,Y,N,N,N,N,N,N,N,N,N
1059,석천(근린생활시설),마포구,서울시 마포구 어울마당로   134,,N,Y,Y,N,N,N,N,N,N,N,N,N
1130,근린생활시설(천하뼈다귀감자탕),노원구,서울시 노원구 동일로 1595,02-933-9897,Y,N,Y,N,N,N,N,N,N,N,N,N
1137,청량리쇠고기샤브샤브,성북구,서울시 성북구 보문로34길  15,,Y,Y,Y,N,N,N,N,N,N,N,N,N
1031,옛골토성,성동구,서울시 성동구 고산자로10길  8,02-2282-5292,Y,Y,N,N,N,N,N,N,N,N,N,N
1034,헐리스커피연희점,서대문구,서울시 서대문구 연희맛로 32,02-336-6630,Y,N,N,N,N,N,N,N,N,N,N,N
1003,근린생활시설(착한고기),노원구,서울시 노원구 수락산로 232,02-933-9291,Y,N,Y,N,N,N,N,N,N,N,N,N
1291,찰진고기(그랑프리 빌딩),강남구,서울시 강남구 테헤란로10길 9,02-561-5171,Y,Y,Y,N,N,N,N,N,N,N,N,N
991,갈비사랑,서초구,서울시 서초구 강남대로  204,02-3463-9800,Y,N,Y,N,N,N,N,N,N,N,N,N
1200,별난횟집,서초구,서울시 서초구 마방로2길 26,02-571-3050,Y,Y,N,N,N,N,N,N,N,N,N,N
1301,돈까스클럽,도봉구,서울시 도봉구 시루봉로 68,02-900-0045,Y,N,N,N,N,N,N,N,N,N,N,N
1119,아실라,강남구,서울시 강남구 강남대로98길 16,,Y,N,N,N,N,N,N,N,N,N,N,N
1020,연일선지해장국,서대문구,서울시 서대문구 수색로  127,,Y,N,Y,N,N,N,N,N,N,N,N,N
1024,신토오리,송파구,서울시 송파구 문정로4길  14-38,02-430-5295,Y,Y,N,N,N,N,N,N,N,N,N,N
1284,통일동산두부마을,강서구,서울시 강서구 방화대로  375,02-2664-3358,Y,Y,N,N,N,N,N,N,N,N,N,N
1298,수라간,강서구,서울시 강서구 양천로  364,02-3663-3500,Y,N,Y,N,N,N,N,N,N,N,N,N
1314,광양림,영등포구,서울시 영등포구 선유로9가길  16,02-2677-5775,Y,Y,Y,N,N,N,N,N,N,N,N,N
1239,대문한정식,도봉구,서울시 도봉구 시루봉로  139-6,02-956-0843,Y,Y,N,N,N,N,N,N,N,N,N,N
1248,거북이집,서대문구,서울시 서대문구 연희로  12-1,02-322-8018,Y,Y,Y,N,N,N,N,N,N,N,N,N
1158,별당보리밥,강북구,서울시 강북구 4.19로 51,,Y,Y,N,N,N,N,N,N,N,N,N,N
1264,gs25-편의점,서초구,서울시 서초구 서초대로50길 62-4,02-597-9890,Y,Y,N,N,N,N,N,N,N,N,N,N
990,고기굼터,강서구,서울시 강서구 양천로 376,02-3663-8592,Y,N,Y,N,N,N,N,N,N,N,N,N
1012,놀부 유황오리 진흙구이 청담점(청담솔 빌딩),강남구,서울시 강남구 삼성로148길 10,,Y,Y,Y,N,N,N,N,N,N,N,N,N
1201,헤븐,강남구,서울시 강남구 봉은사로82길 29,,Y,Y,N,N,N,N,N,N,N,N,N,N
1022,베누스타-뷔페,성북구,서울시 성북구 도봉로 1,,Y,Y,Y,N,N,N,N,N,N,N,N,N
1341,밀러타임(지하1지상234층)-호프,양천구,서울시 양천구 신월로 356,02-2654-6018,Y,N,N,N,N,N,N,N,N,N,N,N
1352,빕스 상봉역점,중랑구,서울시 중랑구 망우로  263,02-491-1997,N,Y,Y,N,N,N,N,N,N,N,N,N
1354,맑은바닷가의나루터,강서구,서울시 강서구 강서로54길 73,02-3663-0067,Y,Y,N,N,N,N,N,N,N,N,N,N
1075,베아따빌딩신관,서초구,서울시 서초구 서초대로53길 8,02-535-9292,Y,Y,N,N,N,N,N,N,N,N,N,N
1076,농부의아들,서초구,서울시 서초구 서초중앙로33길 8,,Y,Y,N,N,N,N,N,N,N,N,N,N
1358,하림각,종로구,서울시 종로구 자하문로  255,02-396-2442,N,Y,Y,N,N,N,N,N,N,N,N,N
1078,빵경이네 도야지,강남구,서울시 강남구 테헤란로39길 40,,Y,Y,Y,N,N,N,N,N,N,N,N,N
1183,오발탄,강남구,서울시 강남구 논현로86길  12,02-2051-7775,Y,N,Y,N,N,N,N,N,N,N,N,N
1111,동구밖 장작구이(단군의땅),강동구,서울시 강동구 진황도로 227,02-488-5292,Y,Y,N,N,N,N,N,N,N,N,N,N
1122,전원일기,중랑구,서울시 중랑구 망우로 438,,Y,Y,Y,N,N,N,N,N,N,N,N,N
1394,커피빈 코리아 삼성점(우창빌딩),강남구,서울시 강남구 삼성로  646,,Y,Y,Y,N,N,N,N,N,N,N,N,N
1229,근린생활시설(진할매칼국수보쌈),노원구,서울시 노원구 동일로242길 109,02-951-1507,Y,Y,Y,N,N,N,N,N,N,N,N,N
1235,해주곰탕,노원구,서울시 노원구 공릉로 360,02-975-2289,Y,Y,Y,N,N,N,N,N,N,N,N,N
1343,한국피자헛등촌점(샷뽀르),강서구,서울시 강서구 공항대로  347,02-2658-6777,Y,N,Y,N,N,N,N,N,N,N,N,N
1205,논골집,강남구,서울시 강남구 압구정로79길 55,02-543-0135,Y,Y,N,N,N,N,N,N,N,N,N,N
1207,이하정 간장게장 서울본점,송파구,서울시 송파구 위례성대로18길  4,,Y,Y,Y,N,N,N,Y,N,N,N,N,N
1346,갈비둥지,노원구,서울시 노원구 덕릉로 692,02-935-9000,Y,Y,Y,N,N,N,N,N,N,N,N,N
1160,해동수산광장점,광진구,서울시 광진구 광나루로 619,,Y,N,Y,N,N,N,N,N,N,N,N,N
1371,이조화로구이,강서구,서울시 강서구 양천로  738,02-2659-8073,Y,Y,Y,N,N,N,N,N,N,N,N,N
1230,근린생활시설(풍천민물장어),노원구,서울시 노원구 노해로81길 12-26,02-935-5523,Y,Y,Y,N,N,N,N,N,N,N,N,N
1269,샬롬빌,강남구,서울시 강남구 강남대로154길  35,,Y,Y,Y,N,N,N,N,N,N,N,N,N
1299,보름달,강남구,서울시 강남구 테헤란로37길 22,02-556-6777,Y,N,Y,N,N,N,N,N,N,N,N,N
1377,한국 피자헛 한티역점,강남구,서울시 강남구 도곡로  407,02-554-4864,Y,N,Y,N,N,N,N,N,N,N,N,N
1380,무스쿠스(도화타워),강남구,서울시 강남구 삼성로 438,02-558-9280,Y,Y,Y,N,N,N,N,N,N,N,N,N
1135,신동희,송파구,서울시 송파구 석촌호수로 174,,Y,Y,Y,N,N,N,N,N,N,N,N,N
1189,만석장,은평구,서울시 은평구 대서문길  43-10,02-385-2093,Y,Y,Y,N,N,N,N,N,N,N,N,N
1257,그라노 더 그릴(히든하우스),강남구,서울시 강남구 언주로168길  16,02-540-7330,Y,Y,Y,N,N,N,N,N,N,N,N,N
1261,대가순대국,노원구,서울시 노원구 한글비석로 452,02-939-8592,Y,Y,N,N,N,N,N,N,N,N,N,N
1367,역삼버드나무 집,강남구,서울시 강남구 언주로 522,02-2088-3392,Y,Y,Y,N,N,N,N,N,N,N,N,N
1275,진대감,서초구,서울시 서초구 반포대로14길 18,,Y,Y,Y,N,N,N,N,N,N,N,N,N
1092,미스터피자,도봉구,서울시 도봉구 노해로  285,02-900-2032,N,Y,Y,N,N,N,N,N,N,N,N,N
998,씨푸드 대림점,영등포구,서울시 영등포구 대림로  70,,Y,Y,Y,N,N,N,N,N,N,N,N,N
1005,자연한그릇,노원구,서울시 노원구 동일로 1602,02-936-1300,Y,Y,Y,N,N,N,N,N,N,N,N,N
1132,서강8경 제2근생(일반음식점),마포구,서울시 마포구 토정로 128,02-334-1919,Y,Y,Y,N,N,N,N,N,N,N,N,N
1068,오발탄,송파구,서울시 송파구 위례성대로 246,,N,Y,N,N,N,N,N,N,N,N,N,N
1121,빕스 봉천역점,관악구,서울시 관악구 남부순환로 1712,02-882-0254,Y,Y,Y,N,N,N,N,N,N,N,N,N
1085,근린생활시설(팬다),노원구,서울시 노원구 동일로246길 39,02-930-6188,Y,Y,N,N,N,N,N,N,N,N,N,N
1030,왕초한우건물,용산구,서울시 용산구 대사관로34길 39,,Y,Y,N,N,N,N,N,N,N,N,N,N
1293,피자헛,노원구,서울시 노원구 동일로 1333,02-935-5143,Y,N,Y,N,N,N,N,N,N,N,N,N
1133,GASTRO PUB-주점,서초구,서울시 서초구 동광로  78,,N,Y,Y,N,N,N,N,N,N,N,N,N
1142,미담,양천구,서울시 양천구 목동서로 133-4,02-2642-2300,Y,N,Y,Y,N,N,N,N,N,N,N,N
1029,시화담,용산구,서울시 용산구 회나무로  75,02-798-3311,Y,Y,N,N,N,N,N,N,N,N,N,N
1336,태능가든,중랑구,서울시 중랑구 신내로14길 13,02-3422-2800,Y,Y,Y,N,N,N,N,N,N,N,N,N
1328,경인빌딩(엉터리생고기),관악구,서울시 관악구 봉천로 385,02-877-3382,Y,Y,N,N,N,N,N,N,N,N,N,N
1209,정선참숯골,용산구,서울시 용산구 이촌로29길 8-18,02-797-5592,Y,N,N,N,N,N,N,N,N,N,N,N
1305,이남장,종로구,서울시 종로구 새문안로3길 11,02-723-2822,N,N,N,N,N,N,N,N,N,N,N,N
1306,흑돈가,서초구,서울시 서초구 서운로  133,02-3471-9700,N,N,Y,N,N,N,N,N,N,N,N,N
1110,원조 현풍 할매집 곰탕,강남구,서울시 강남구 언주로87길  6,02-521-7722,Y,Y,N,N,N,N,N,N,N,N,N,N
1381,파리크라상,중구,서울시 중구 덕수궁길 7,02-773-8208,Y,N,N,N,N,N,N,N,N,N,N,N
1391,양대박,송파구,서울시 송파구 백제고분로46길 44,02-415-3321,N,Y,N,N,N,N,N,N,N,N,N,N
1060,coffeesmith(휴게음식점) ,마포구,서울시 마포구 와우산로  82,02-3143-6740,Y,Y,N,N,N,N,N,N,N,N,N,N
1247,근린생활시설(벽창우생고기전문점),노원구,서울시 노원구 동일로242길 54,,Y,Y,Y,N,N,N,N,N,N,N,N,N
1051,양촌리 화로 숯불구이,강남구,서울시 강남구 남부순환로  2720,02-2058-1245,Y,Y,Y,N,N,N,N,N,N,N,N,N
1062,미락(신성빌딩),강서구,서울시 강서구 공항대로  519,02-3662-3535,N,Y,N,N,N,N,N,N,N,N,N,N
1266,순흥골돼지갈비전문점,강서구,서울시 강서구 양천로 608,02-3663-3779,Y,Y,N,N,N,N,N,N,N,N,N,N
1271,쿼터백,강남구,서울시 강남구 테헤란로1길  29,02-567-7879,Y,N,Y,N,N,N,N,N,N,N,N,N
1203,샤델리(한수빌딩),강남구,서울시 강남구 언주로172길  62,02-514-0040,Y,Y,Y,N,N,N,N,N,N,N,N,N
1114,한일관,강남구,서울시 강남구 압구정로38길 14,1577-9963,Y,Y,Y,N,N,N,N,N,N,N,N,N
992,화사랑화로구이,송파구,서울시 송파구 오금로 162,02-421-4554,Y,Y,Y,N,N,N,N,N,N,N,N,N
982,초원웨딩홀뷔페,도봉구,서울시 도봉구 도봉산길 10,02-955-2233,Y,N,Y,N,N,N,N,N,N,N,N,N
1153,강강술래,강남구,서울시 강남구 논현로  325,02-567-9233,Y,N,N,N,N,N,Y,N,N,N,N,N
1258,왕돌구이집,송파구,서울시 송파구 오금로15길 -12,,Y,Y,Y,N,N,N,N,N,N,N,N,N
1260,근린생활시설(화통구이),노원구,서울시 노원구 덕릉로 754,,Y,Y,N,N,N,N,N,N,N,N,N,N
1186,옛골토성상봉점,중랑구,서울시 중랑구 면목로 494,02-433-4276,Y,Y,Y,N,N,N,N,N,N,N,N,N
1027,메종르베이지-카페,용산구,서울시 용산구 이태원로  267,02-749-5667,Y,Y,N,N,N,N,N,N,N,N,N,N
1152,잇플레이스,서초구,서울시 서초구 사평대로6길 102,02-534-3321,N,Y,N,N,N,N,Y,N,N,N,N,N
983,참숯과화로구이,강서구,서울시 강서구 등촌로  57,,Y,Y,Y,N,N,N,N,N,N,N,N,N
1193,알비훠스트,중구,서울시 중구 명동4길 31,,Y,N,Y,N,N,N,N,N,N,N,N,N
1392,장풍(성원빌딩),강남구,서울시 강남구 선릉로  816,02-3446-8889,Y,Y,N,N,N,N,N,N,N,N,N,N
1196,이태원동 근린생활시설(휴게음식점),용산구,서울시 용산구 이태원로  192,,Y,Y,Y,N,N,N,N,N,N,N,N,N
1191,빕스 대방점,동작구,서울시 동작구 노량진로 2,02-3280-1997,Y,Y,Y,N,N,N,N,N,N,N,N,N
1212,정감어린,용산구,서울시 용산구 후암로 4,02-754-4389,Y,Y,Y,N,N,N,N,N,N,N,N,N
1292,태평(한식집),강남구,서울시 강남구 테헤란로6길 14,02-564-5551,Y,Y,N,N,N,N,N,N,N,N,N,N
1302,삼호가든,양천구,서울시 양천구 신월로 210,070-7398-2939,N,N,N,N,N,N,N,N,N,N,N,N
988,헤라로사커피(JS빌딩),강남구,서울시 강남구 도산대로  427,,Y,Y,N,N,N,N,N,N,N,N,N,N
993,미송샤브샤브,노원구,서울시 노원구 노원로 412,02-939-8833,Y,Y,Y,N,N,N,N,N,N,N,N,N
999,근린생활시설(황금오리농원),노원구,서울시 노원구 동일로231길 17,02-935-5296,Y,N,Y,N,N,N,N,N,N,N,N,N
1288,금수복국,강남구,서울시 강남구 언주로  821,(02) 3448-5488 ,Y,Y,Y,N,N,N,N,N,N,N,N,N
1290,카페 무이무이,강남구,서울시 강남구 도산대로51길 19,,Y,Y,Y,N,N,N,N,N,N,N,N,N
1125,일품신토오리,강서구,서울시 강서구 공항대로  326,,Y,Y,N,N,N,N,N,N,N,N,N,N
1146,더캣츠,강서구,서울시 강서구 공항대로46길  90,02-2698-7898,Y,N,Y,N,N,N,N,N,N,N,N,N
1065,달인갈매기(광명빌딩),강남구,서울시 강남구 강남대로114길 13,,Y,Y,Y,N,N,N,N,N,N,N,N,N
1226,WA BAR,강동구,서울시 강동구 양재대로111길 18,02-470-8579,N,Y,N,N,N,N,N,N,N,N,N,N
1231,근린생활시설(못된송아지),노원구,서울시 노원구 상계로5길 26,,Y,Y,N,N,N,N,N,N,N,N,N,N
1296,청해수산회천하통일,중랑구,서울시 중랑구 면목로 490,,Y,Y,N,N,N,N,N,N,N,N,N,N
1304,흑다돈,서초구,서울시 서초구 강남대로65길 10,02-3482-2090,N,N,N,N,N,N,N,N,N,N,N,N
1307,원투쓰리,강남구,서울시 강남구 강남대로94길 9,,Y,N,Y,N,N,N,N,N,N,N,N,N
1312,봉피양마포점(오늘도안동한우),마포구,서울시 마포구 토정로  308,02-715-2292,Y,Y,Y,N,N,N,N,N,N,N,N,N
1390,나무그늘-카페,동대문구,서울시 동대문구 천장산로7길  32-9,,Y,N,N,N,N,N,N,N,N,N,N,N
1361,흑돈가,강남구,서울시 강남구 봉은사로86길 14,02-2051-0008,Y,Y,Y,N,N,N,N,N,N,N,N,N
1373,근린생활시설(배밭고을),노원구,서울시 노원구 동일로 1611,02-938-9500,Y,Y,N,N,N,N,N,N,N,N,N,N
1170,동굴과 화로구이(뉴명성),은평구,서울시 은평구 은평로  185,02-353-8592,Y,Y,Y,N,N,N,N,N,N,N,N,N
1350,임고집한우,강남구,서울시 강남구 테헤란로104길 11,02-567-5620,Y,N,N,N,N,N,N,N,N,N,N,N
1357,희전샤브샤브,관악구,서울시 관악구 남부순환로180길 6,02-889-2988,Y,Y,Y,N,N,N,N,N,N,N,N,N
1094,콩심은데 콩나고,서초구,서울시 서초구 남부순환로354길  14,,Y,Y,N,N,N,N,N,N,N,N,N,N
1023,화로 숫불 종로갈비(J빌딩),강남구,서울시 강남구 테헤란로1길  28-6,,Y,Y,N,N,N,N,N,N,N,N,N,N
1242,일킬로칼국수,서초구,서울시 서초구 강남대로37길 59,02-586-1052,Y,Y,N,N,N,N,N,N,N,N,N,N
1253,동원빌딩(근린생활시설),마포구,서울시 마포구 어울마당로 147-1,,Y,Y,Y,N,N,N,N,N,N,N,N,N
1280,천하무적,송파구,서울시 송파구 송파대로34길 25,02-402-9208,Y,Y,Y,N,N,N,N,N,N,N,N,N
1281,본가,노원구,서울시 노원구 노해로83길 10-4,02-931-9291,Y,Y,Y,N,N,N,N,N,N,N,N,N
1285,만가화로구이,강서구,서울시 강서구 양천로18길 9,02-2662-8592,Y,Y,Y,N,N,N,N,N,N,N,N,N
1303,타운플라자,서초구,서울시 서초구 신반포로47길 9-6,,Y,Y,N,N,N,N,N,N,N,N,N,N
1053,프로포즈야채과일&lt;간이장터&gt;,도봉구,서울시 도봉구 노해로63다길 25,,Y,Y,Y,N,N,N,N,N,N,N,N,N
1282,일품신토오리,도봉구,서울시 도봉구 마들로  546,02-900-8889,Y,Y,Y,N,N,N,N,N,N,N,N,N
1134,호텔 프리마 (주)풍류관,강남구,서울시 강남구 도산대로102길 10,02-6006-9201,Y,Y,Y,N,N,N,N,N,N,N,N,N
1139,평양초계탕,은평구,서울시 은평구 대서문길  13-11,02-388-2977,Y,Y,Y,N,N,N,N,N,N,N,N,N
1317,OK목장,송파구,서울시 송파구 백제고분로 547,,Y,Y,N,N,N,N,N,N,N,N,N,N
1234,태릉숯불갈비,노원구,서울시 노원구 한글비석로1길 37,,Y,Y,N,N,N,N,N,N,N,N,N,N
1255,손수헌(한식레스토랑),강남구,서울시 강남구 선릉로145길  11,02-3442-2567,Y,Y,Y,N,N,N,N,N,N,N,N,N
1088,놀부부대찌게&amp;철판구이,도봉구,서울시 도봉구 노해로69길  15-9,02-991-5788,Y,Y,Y,N,N,N,N,N,N,N,N,N
1112,불고기 브라더스 서교점 ,마포구,서울시 마포구 양화로 107,02-335-7241,N,Y,Y,N,N,N,N,N,N,N,N,N
1154,붓처스컷(SG다이힐빌딩),강남구,서울시 강남구 압구정로60길 18,02-543-7159,Y,N,Y,N,N,N,N,N,N,N,N,N
1267,평양면옥,서초구,서울시 서초구 강남대로93길 28,(02) 547-6947 ,Y,Y,Y,N,N,N,N,N,N,N,N,N
1101,근린생활시설(친구네숯불닭갈비),노원구,서울시 노원구 동일로242길 123,,Y,N,N,N,N,N,N,N,N,N,N,N
1107,크리스피크림 도넛츠,서대문구,서울시 서대문구 명물길 6,02-362-1470,Y,N,Y,N,N,N,N,N,N,N,N,N
1232,근린생활시설(엉터리생고기),노원구,서울시 노원구 상계로7길 39,02-938-3376,Y,Y,N,N,N,N,N,N,N,N,N,N
1026,골든너겟,용산구,서울시 용산구 이태원로55가길  3,,Y,Y,Y,N,N,N,N,N,N,N,N,N
1286,엔씨레이디스-백화점,영등포구,서울시 영등포구 양평로 47,02-2068-2001,Y,Y,Y,N,N,N,N,N,N,N,N,N
1289,신사면옥,강남구,서울시 강남구 도산대로 311,02-518-7228,Y,Y,Y,N,N,N,N,N,N,N,N,N
1277,화로구이,서초구,서울시 서초구 강남대로  267,,Y,Y,Y,N,N,N,N,N,N,N,N,N
1335,민속촌(용강빌딩),강남구,서울시 강남구 도산대로 535,,Y,N,Y,N,N,N,N,N,N,N,N,N
1127,새마을식당(덕당빌딩),강남구,서울시 강남구 논현로150길  33,02-515-2251,Y,N,N,N,N,N,N,N,N,N,N,N
1143,주런,강서구,서울시 강서구 공항대로46길  89,,Y,Y,N,N,N,N,N,N,N,N,N,N
1224,아워홈역삼빌딩,강남구,서울시 강남구 역삼로 115,,Y,Y,N,N,N,N,N,N,N,N,N,N
1344,아웃백스테이크하우스 잠실점,송파구,서울시 송파구 송파대로  466,02-418-4071,Y,Y,N,N,N,N,N,N,N,N,N,N
1210,지오브레스빌딩,용산구,서울시 용산구 대사관로34길 22,,Y,N,Y,N,N,N,N,N,N,N,N,N
1213,청산유통,중랑구,서울시 중랑구 동일로  937,02-948-3281,Y,Y,N,N,N,N,N,N,N,N,N,N
1227,골방집,강북구,서울시 강북구 한천로 926,02-993-8200,Y,Y,N,N,N,N,N,N,N,N,N,N
1323,호야,강남구,서울시 강남구 강남대로78길  22,,Y,Y,Y,N,N,N,N,N,N,N,N,N
1332,새마을식당,노원구,서울시 노원구 노해로81길 12-20,02-930-0120,Y,Y,Y,N,N,N,N,N,N,N,N,N
1342,쉐프케이엔알(송은아트 스페이스),강남구,서울시 강남구 압구정로75길  6,,Y,Y,Y,N,N,N,N,N,N,N,N,N
1355,온누림,노원구,서울시 노원구 덕릉로60길 293,02-906-7002,N,N,Y,N,N,N,N,N,N,N,N,N
1102,Love Affair,강남구,서울시 강남구 언주로150길  32,,Y,N,Y,N,N,N,N,N,N,N,N,N
1372,박미선 별난갈비,관악구,서울시 관악구 봉천로  535,,Y,Y,Y,N,N,N,N,N,N,N,N,N
1082,맛있는고기구워먹는곳,동작구,서울시 동작구 상도로37길 62,,Y,Y,N,N,N,N,N,N,N,N,N,N
1089,서광폴리머,영등포구,서울시 영등포구 국회대로37길 5,,N,Y,Y,N,N,N,N,N,N,N,N,N
1096,CULISSU GAIA,강남구,서울시 강남구 도산대로53길 15,,Y,Y,N,N,N,N,N,N,N,N,N,N
1223,산봉냉면,강남구,서울시 강남구 선릉로62길  13,02-557-2778,Y,Y,N,N,N,N,N,N,N,N,N,N
1136,양촌리,강동구,서울시 강동구 양재대로 1444,02-485-9292,Y,Y,Y,N,N,N,N,N,N,N,N,N
1044,회령쌈밥,노원구,서울시 노원구 한글비석로1길 33,02-977-7567,Y,Y,Y,N,N,N,N,N,N,N,N,N
1046,참치박사,노원구,서울시 노원구 노해로81길 12-33,02-933-9611,Y,Y,N,N,N,N,N,N,N,N,N,N
1004,양촌리,은평구,서울시 은평구 은평로 141,02-3157-8592,Y,Y,Y,N,N,N,N,N,N,N,N,N
1251,멀티하우스리빙텔-고시원,서대문구,서울시 서대문구 명물1길 16,,Y,Y,N,N,N,N,N,N,N,N,N,N
1254,피티 앤 브이-직업소개,영등포구,서울시 영등포구 신길로 220,,Y,Y,N,N,N,N,N,N,N,N,N,N
1006,빕스 청담점,강남구,서울시 강남구 학동로  519,02-3442-2997,Y,Y,Y,N,N,N,N,N,N,N,N,N
1058,파스꾸찌신촌연대점,서대문구,서울시 서대문구 연세로 22,02-393-8004,Y,Y,Y,N,N,N,N,N,N,N,N,N
1379,갤러리 시간,종로구,서울시 종로구 삼청로 109,,Y,N,Y,N,N,N,N,N,N,N,N,N
1240,옛골토성,강서구,서울시 강서구 공항대로  353,02-3662-5192,Y,Y,Y,N,N,N,N,N,N,N,N,N
989,강강술래,노원구,서울시 노원구 동일로 1628,02-935-9233,Y,Y,Y,N,N,N,N,N,N,N,N,N
1378,라운드-칵테일바,강남구,서울시 강남구 선릉로158길 13-16,02-517-7412,Y,Y,N,N,N,N,N,N,N,N,N,N
1386,롯데리아,강동구,서울시 강동구 양재대로 1651,02-427-8463,Y,Y,N,N,N,N,N,N,N,N,N,N
1362,(주)에도긴,강남구,서울시 강남구 테헤란로8길  30,02-568-5147,Y,Y,Y,N,N,N,N,N,N,N,N,N
1375,한우식당 마블스,영등포구,서울시 영등포구 신풍로  10,02-848-5292,Y,N,Y,N,N,N,N,N,N,N,N,N
1167,무봉리토종순대국,도봉구,서울시 도봉구 노해로67길 2,,Y,N,Y,N,N,N,N,N,N,N,N,N
1221,교촌1991,서초구,서울시 서초구 강남대로69길  8,,Y,Y,N,N,N,N,N,N,N,N,N,N
1090,봉우리,강남구,서울시 강남구 논현로94길  25-3,,Y,Y,Y,N,N,N,N,N,N,N,N,N
1388,샤브궁샤브가,중구,서울시 중구 남대문로9길 12,02-757-4582,Y,N,N,N,N,N,N,N,N,N,N,N
1393,커피스미스,강남구,서울시 강남구 도산대로13길 13,02-3445-3372,Y,N,N,N,N,N,N,N,N,N,N,N
1322,사이공 스픈 32-동남아음식 ,강남구,서울시 강남구 언주로93길 32-8,02-568-0032,Y,Y,Y,N,N,N,N,N,N,N,N,N
1091,와라와라(혜진빌딩),강남구,서울시 강남구 강남대로96길 20,,Y,Y,N,N,N,N,N,N,N,N,N,N
1165,Amazing B/D,강남구,서울시 강남구 도산대로 306,,Y,Y,N,N,N,N,N,N,N,N,N,N
1182,마리온 크레페 Lozy,강남구,서울시 강남구 강남대로162길 41-20,,Y,Y,Y,N,N,N,N,N,N,N,N,N
1109,휘모리,강남구,서울시 강남구 도곡로93길  7,02-564-5959,Y,N,Y,N,N,N,N,N,N,N,N,N
1368,영천 영화 고기집(상민빌딩),강남구,서울시 강남구 도산대로90길 3,02-3442-0381,Y,Y,Y,N,N,N,N,N,N,N,N,N
1093,장터순대국,서대문구,서울시 서대문구 홍은중앙로 113,02-394-0057,Y,Y,Y,N,N,N,N,N,N,N,N,N
1095,베니건스,강남구,서울시 강남구 도산대로  334,02-517-5007,Y,Y,N,N,N,N,N,N,N,N,N,N
1382,한국경제신문사옥,중구,서울시 중구 청계천로 14,,Y,Y,Y,N,N,N,N,N,N,N,N,N
1141,파리바게트,서대문구,서울시 서대문구 홍은중앙로 29,070-4116-4796,Y,Y,Y,N,N,N,N,N,N,N,N,N
1008,송림가든,구로구,서울시 구로구 경인로 398,02-2066-6000,Y,Y,Y,N,N,N,N,N,N,N,N,N
1066,MUG FOR RABBIT-카페,강남구,서울시 강남구 논현로159길  65,,Y,Y,Y,N,N,N,N,N,N,N,N,N
1080,도봉산갈비,도봉구,서울시 도봉구 도봉로  915,02-955-1177,Y,Y,Y,N,N,N,N,N,N,N,N,N
1208,명문의집,성동구,서울시 성동구 마장로 360,02-2245-0335,Y,Y,Y,N,N,N,Y,N,N,N,N,N
1320,한국의집,중구,서울시 중구 청계천로 8,02-2266-9101,Y,Y,Y,Y,Y,N,Y,N,N,N,N,N
1365,천수만,중랑구,서울시 중랑구 용마산로 628,02-439-9886,Y,Y,Y,N,N,N,N,N,N,N,N,N
1359,양주골오리마을,도봉구,서울시 도봉구 도봉로150다길 64,,Y,Y,Y,N,N,N,N,N,N,N,N,N
1316,갈비예찬,도봉구,서울시 도봉구 노해로 259,,Y,N,Y,N,N,N,N,N,N,N,N,N
1115,곰씨네(씨크랩건물),강동구,서울시 강동구 강동대로 17,,Y,N,N,N,N,N,N,N,N,N,N,N
1383,할리스커피점,서대문구,서울시 서대문구 거북골로 31-1,02-373-7700,Y,Y,Y,N,N,N,N,N,N,N,N,N
1384,wellz-가구판매,강남구,서울시 강남구 삼성로 729,02-511-7911,Y,Y,Y,N,N,N,N,N,N,N,N,N
1241,삼수갑산,관악구,서울시 관악구 남현1길  38-9,02-521-0056,Y,Y,Y,N,N,N,N,N,N,N,N,N
1246,수상한포차,강북구,서울시 강북구 도봉로87길 46,02-903-2332,Y,Y,Y,N,N,N,N,N,N,N,N,N
996,라부미텔,금천구,서울시 금천구 범안로  1203,,N,Y,Y,N,N,N,N,N,N,N,N,N
1190,언더브릿지(일반음식점),마포구,서울시 마포구 토정로  174,070-4146-0856,Y,Y,Y,N,N,N,N,N,N,N,N,N
1217,근린생활시설(봉평산골메밀촌),노원구,서울시 노원구 동일로242길 54,02-931-3482,Y,Y,Y,N,N,N,N,N,N,N,N,N
1315,한국피자헛,종로구,서울시 종로구 종로  61,02-737-8065,Y,Y,N,N,N,N,N,N,N,N,N,N
1363,서울인삼토계촌(일반음식점),마포구,서울시 마포구 모래내로 89,02-304-5060,Y,Y,Y,N,N,N,N,N,N,N,N,N
1021,예향,강남구,서울시 강남구 언주로107길  7,02-566-0043,Y,N,N,N,N,N,N,N,N,N,N,N
1360,둘레길주막미담,은평구,서울시 은평구 대서문길  43-7,02-358-0092,Y,Y,Y,N,N,N,N,N,N,N,N,N
1339,2층에오렌지룸(일반음식점)-호프&amp;요리주점,마포구,서울시 마포구 어울마당로  86,,Y,Y,Y,N,N,N,N,N,N,N,N,N
1347,나주곰탕,관악구,서울시 관악구 신림로64길  9,02-887-6666,Y,Y,N,N,N,N,N,N,N,N,N,N
1351,투쉐 카페&amp;레스토랑(미산빌딩),강남구,서울시 강남구 압구정로71길 4,02-3018-1002,Y,Y,Y,N,N,N,N,N,N,N,N,N
1071,FR푸드시스템,강서구,서울시 강서구 공항대로  318,,N,Y,Y,N,N,N,N,N,N,N,N,N
1074,서초동이남장,서초구,서울시 서초구 서초대로49길 4,02-592-0268,Y,Y,N,N,N,N,N,N,N,N,N,N
1340,일반음식점(나주곰탕),마포구,서울시 마포구 도화길 12,,Y,Y,Y,N,N,N,N,N,N,N,N,N
1028,화수목레스토랑,용산구,서울시 용산구 소월로 268,02-792-5571,Y,Y,N,N,N,N,N,N,N,N,N,N
1052,㈜청담안,강남구,서울시 강남구 도산대로81길 13,02-541-6381,Y,Y,N,N,N,N,N,N,N,N,N,N
1054,일반음식점(에덴),노원구,서울시 노원구 중계로18길 9,,Y,Y,Y,N,N,N,N,N,N,N,N,N
1056,미스터피자,서대문구,서울시 서대문구 연세로 10,02-363-9001,Y,Y,Y,N,N,N,N,N,N,N,N,N
1064,진미파라곤,영등포구,서울시 영등포구 국회대로 800,,Y,Y,Y,N,N,N,N,N,N,N,N,N
1214,오리킹,중랑구,서울시 중랑구 용마산로129길 10,02-494-5292,Y,Y,Y,N,N,N,N,N,N,N,N,N
1216,화로촌,성북구,서울시 성북구 보국문로  24-2,02-921-8592,Y,N,N,N,N,N,N,N,N,N,N,N
1218,프로방스,서대문구,서울시 서대문구 연대동문길 26,,Y,Y,Y,N,N,N,N,N,N,N,N,N
1055,이화원,서대문구,서울시 서대문구 연희맛로 13,02-334-1888,Y,Y,N,N,N,N,N,N,N,N,N,N
1161,신의주 찰쌀 순대(호텔 칸),강남구,서울시 강남구 영동대로 725,,Y,Y,Y,N,N,N,N,N,N,N,N,N
1330,춘천본점닭갈비,노원구,서울시 노원구 상계로5길 31,02-939-7033,Y,Y,N,N,N,N,N,N,N,N,N,N
1104,경복궁삿뽀로,도봉구,서울시 도봉구 도봉로   610,,Y,Y,Y,N,N,N,N,N,N,N,N,N
1163,바다회공원음식점(청림빌딩)(제시카키친),강서구,서울시 강서구 공항대로  345,02-3664-1199,Y,Y,Y,N,N,N,N,N,N,N,N,N
1171,티에스아이디-인테리어,은평구,서울시 은평구 대서문길  43-14,,Y,Y,Y,N,N,N,N,N,N,N,N,N
1172,해성회수산,서대문구,서울시 서대문구 명물길 49,02-392-6679,Y,Y,N,N,N,N,N,N,N,N,N,N
1185,쌍쌍포차,광진구,서울시 광진구 동일로22길 49,02-466-9545,Y,Y,N,N,N,N,N,N,N,N,N,N
1219,빕스 등촌점,강서구,서울시 강서구 공항대로  311,02-3661-1997,Y,Y,Y,N,N,N,N,N,N,N,N,N
1225,코나커피숍,송파구,서울시 송파구 백제고분로44길 34,02-419-7676,Y,Y,Y,N,N,N,N,N,N,N,N,N
1041,몽골찬한우,성북구,서울시 성북구 동소문로  212-66,,Y,Y,Y,N,N,N,N,N,N,N,N,N
1151,화로구이,관악구,서울시 관악구 남부순환로 1453,02-866-8592,Y,N,Y,N,N,N,N,N,N,N,N,N
1169,바달비,관악구,서울시 관악구 봉천로12길  17,02-889-2600,Y,N,Y,N,N,N,N,N,N,N,N,N
1178,오발탄,서초구,서울시 서초구 반포대로 154,02-591-6657,Y,Y,Y,N,N,N,N,N,N,N,N,N
1295,한우한마리,강서구,서울시 강서구 강서로5나길 65,,N,N,N,N,N,N,N,N,N,N,N,N
1300,샤르르 샤브샤브,강남구,서울시 강남구 역삼로17길  53,02-565-5600,Y,Y,Y,N,N,N,N,N,N,N,N,N
1237,예소원,서대문구,서울시 서대문구 성산로 535,02-313-7676,Y,Y,N,N,N,N,N,N,N,N,N,N
1157,둠벙(현:수리수리)-요리&amp;주점,강북구,서울시 강북구 도봉로10가길 12,,Y,Y,N,N,N,N,N,N,N,N,N,N
1162,그물에걸린바다,중랑구,서울시 중랑구 봉화산로 240,02-435-9229,Y,Y,Y,N,N,N,N,N,N,N,N,N
1173,갈비세상,구로구,서울시 구로구 경인로 281,,Y,N,Y,N,N,N,N,N,N,N,N,N
1175,서귀포뚝배기,서초구,서울시 서초구 반포대로30길 32,02-523-9897,Y,Y,N,N,N,N,N,N,N,N,N,N
1270,보보리스-미용실,강남구,서울시 강남구 언주로154길  14,02-549-0988,Y,Y,N,N,N,N,N,N,N,N,N,N
1356,SK허브진,강동구,서울시 강동구 천호대로 142,,Y,Y,N,N,N,N,N,N,N,N,N,N
1238,로얄더비랜드,서대문구,서울시 서대문구 응암로  103,,Y,Y,Y,N,N,N,N,N,N,N,N,N
1287,주노도시-카페,서초구,서울시 서초구 마방로2길  94,02-2058-0650,Y,Y,Y,N,N,N,N,N,N,N,N,N
1164,실크로드,구로구,서울시 구로구 경인로 398,02-2066-6100,Y,Y,Y,N,N,N,N,N,N,N,N,N
1177,명가설렁탕,서초구,서울시 서초구 서초대로  23,02-3477-9595,Y,Y,Y,N,N,N,Y,N,N,N,N,N
1188,일파르코,노원구,서울시 노원구 노원로 240,02-949-1855,Y,Y,Y,N,N,N,N,N,N,N,N,N
1032,수상한포차,광진구,서울시 광진구 아차산로33길 33,02-499-2588,Y,Y,Y,N,N,N,N,N,N,N,N,N
1038,바다회공원,동대문구,서울시 동대문구 장한로 109,02-2213-5666,Y,N,N,N,N,N,N,N,N,N,N,N
1045,남원추어탕,노원구,서울시 노원구 한글비석로1길 69,,Y,Y,N,N,N,N,N,N,N,N,N,N
1249,벽제갈비,서대문구,서울시 서대문구 연세로 14,02-392-8308,Y,Y,Y,N,N,N,N,N,N,N,N,N
1252,코리안덕,서대문구,서울시 서대문구 세검정로1길 21,02-394-3919,N,Y,N,N,N,N,N,N,N,N,N,N
1369,활화산조개구이,광진구,서울시 광진구 아차산로33길  49,02-497-8980,Y,Y,N,N,N,N,N,N,N,N,N,N
1370,화로구이,강북구,서울시 강북구 한천로 948,02-999-9946,Y,N,Y,N,N,N,N,N,N,N,N,N
1204,삼경바다,강남구,서울시 강남구 언주로93길 14-7,,Y,Y,Y,N,N,N,N,N,N,N,N,N
1374,미가할매,관악구,서울시 관악구 신림로 374,02-888-6940,Y,N,Y,Y,N,N,N,N,N,N,N,N
985,스타벅스(보라빌딩),강남구,서울시 강남구 학동로 506,02-758-8394,Y,Y,Y,N,N,N,N,N,N,N,N,N
1011,순봉상가(불토불가마사우나),강서구,서울시 강서구 공항대로  290,,Y,Y,Y,N,N,N,N,N,N,N,N,N
38,커피빈,중구,서울시 중구 명동8길  9,02-319-3394,Y,Y,Y,N,N,N,N,N,N,N,N,N
1077,큰대문집,서초구,서울시 서초구 반포대로28길 77,,Y,Y,Y,N,N,N,N,N,N,N,N,N
1081,보보-카페,서대문구,서울시 서대문구 성산로 573,,Y,Y,Y,N,N,N,N,N,N,N,N,N
1222,초동집,서초구,서울시 서초구 서운로  135,02-585-2511,Y,Y,Y,N,N,N,N,N,N,N,N,N
984,미스터피자 양재점(크리스탈빌딩),강남구,서울시 강남구 강남대로  242,02-3463-1100,Y,Y,Y,N,N,N,N,N,N,N,N,N
986,자하문정식,종로구,서울시 종로구 진흥로 493-5,02-396-5000,N,Y,Y,N,N,N,N,N,N,N,N,N
987,개성면옥(함흥냉면),강서구,서울시 강서구 양천로 660,02-3664-3705,Y,Y,N,N,N,N,N,N,N,N,N,N
1015,아미소,중구,서울시 중구 동호로14길 18,02-756-3327,Y,N,Y,N,N,N,N,N,N,N,N,N
1276,뢰벤호프,서초구,서울시 서초구 방배천로  21,02-585-6654,Y,Y,Y,N,N,N,N,N,N,N,N,N
1097,왕짜장,도봉구,서울시 도봉구 도봉로109길  16,,Y,N,N,N,N,N,N,N,N,N,N,N
1105,강서수산,강서구,서울시 강서구 공항대로  301,02-3665-3534,Y,Y,N,N,N,N,N,N,N,N,N,N
1325,부처스컷,용산구,서울시 용산구 이태원로 243,02-798-8782,Y,Y,Y,N,N,N,N,N,N,N,N,N
1103,호면당(조은빌딩),강남구,서울시 강남구 도산대로81길 25,,Y,N,Y,N,N,N,N,N,N,N,N,N
1140,삼호복집,서대문구,서울시 서대문구 연세로5다길 10,02-337-9019,Y,Y,Y,N,N,N,N,N,N,N,N,N
1120,형제갈비,서대문구,서울시 서대문구 명물1길  2,02-365-0001,Y,N,N,N,N,N,N,N,N,N,N,N
1278,블랙스미스,강남구,서울시 강남구 도산대로 115,02-3444-8211,Y,Y,N,N,N,N,N,N,N,N,N,N
1283,연신내부대찌개,은평구,서울시 은평구 연서로  187,,Y,Y,N,N,N,N,N,N,N,N,N,N
1063,옛골토성,은평구,서울시 은평구 대서문길  45-7,02-385-3064,Y,Y,Y,N,N,N,N,N,N,N,N,N
1308,코리아하우스(아름다운빌딩),강남구,서울시 강남구 압구정로79길 56,02-543-8888,Y,Y,N,N,N,N,N,N,N,N,N,N
1244,피자헛,송파구,서울시 송파구 송파대로  421,,Y,Y,Y,N,N,N,N,N,N,N,N,N
1039,보성식당,노원구,서울시 노원구 덕릉로 849,,Y,Y,N,N,N,N,N,N,N,N,N,N
1040,안창골오리농원신내점,중랑구,서울시 중랑구 용마산로 623,,Y,Y,Y,N,N,N,N,N,N,N,N,N
995,일품신토오리,중랑구,서울시 중랑구 봉화산로 231,,Y,Y,Y,N,N,N,N,N,N,N,N,N
1331,만리장성,노원구,서울시 노원구 석계로13길 23,02-909-2998,Y,Y,Y,N,N,N,N,N,N,N,N,N
1069,신라비빔밥샤브칼국수,강동구,서울시 강동구 양재대로85길 16,02-483-6879,Y,Y,N,N,N,N,N,N,N,N,N,N
1072,황실떡,서초구,서울시 서초구 서초대로25길 37,02-533-5580,Y,Y,N,N,N,N,N,N,N,N,N,N
1002,한우정육식당(부경빌딩),강남구,서울시 강남구 강남대로118길 12,,Y,Y,Y,N,N,N,N,N,N,N,N,N
1198,올리아,용산구,서울시 용산구 회나무로42길 4,02-792-6004,Y,Y,N,N,N,N,N,N,N,N,N,N
1014,행복가,중구,서울시 중구 퇴계로36길 10,02-554-1049,Y,N,Y,N,N,N,N,N,N,N,N,N
1016,엔젤리너스카페,중구,서울시 중구 명동7길 8,02-753-1769,Y,N,Y,N,N,N,N,N,N,N,N,N
1018,중림동 325-1 제2종근린생활시설(우진제임스전),중구,서울시 중구 세종대로11길 30,,Y,N,Y,N,N,N,N,N,N,N,N,N
1118,흥부골 님원 추어탕(레보빌),강남구,서울시 강남구 언주로113길  14,,Y,N,Y,N,N,N,N,N,N,N,N,N
1128,육 칠 팔,강남구,서울시 강남구 논현로 420,02-556-6678,Y,Y,Y,N,N,N,N,N,N,N,N,N
1131,빕스 창동점,도봉구,서울시 도봉구 도봉로  526,02-904-1997,Y,Y,Y,N,N,N,N,N,N,N,N,N
1145,씨제이푸드,은평구,서울시 은평구 서오릉로  4,,Y,Y,N,N,N,N,N,N,N,N,N,N
1389,한국맥도날드,성동구,서울시 성동구 왕십리로 321,02-2296-4452,Y,Y,Y,N,N,N,N,N,N,N,N,N
1262,명가낙지마당(지하1지상1층),양천구,서울시 양천구 목동로 614-9,02-2647-2203,Y,N,Y,N,N,N,N,N,N,N,N,N
1279,봉추찜닭(신사빌딩),강남구,서울시 강남구 도산대로13길 14-4,02-516-5687,Y,Y,Y,N,N,N,N,N,N,N,N,N
1327,개성면옥,성북구,서울시 성북구 정릉로  263,,Y,Y,N,N,N,N,N,N,N,N,N,N
1079,제2근린생활(수한의원부동산),강서구,서울시 강서구 초원로 85,,Y,Y,Y,N,N,N,N,N,N,N,N,N
1067,세븐몽키스(금원빌딩),강남구,서울시 강남구 선릉로  425,,Y,Y,N,N,N,N,N,N,N,N,N,N
1084,보나세라,강남구,서울시 강남구 도산대로45길 18-2,,Y,Y,Y,N,N,N,N,N,N,N,N,N
1057,민들레영토,서대문구,서울시 서대문구 명물길 40,,Y,Y,Y,N,N,N,N,N,N,N,N,N
1195,프리미어플레이스,중구,서울시 중구 중림로 40,,Y,N,Y,N,N,N,N,N,N,N,N,N
1215,한마당 본점,성북구,서울시 성북구 화랑로 187,02-942-4205,Y,Y,N,N,N,N,N,N,N,N,N,N
1309,경복궁,송파구,서울시 송파구 올림픽로  348,02-418-7767,Y,Y,Y,N,N,N,N,N,N,N,N,N
1113,킹스(북해도),강서구,서울시 강서구 공항대로  341,,Y,Y,N,N,N,N,N,N,N,N,N,N
1376,정통복국(청운빌딩),강남구,서울시 강남구 도산대로 236,,Y,Y,N,N,N,N,N,N,N,N,N,N
1387,스타벅스 커피 스토리,종로구,서울시 종로구 대명길 5,,Y,Y,Y,N,N,N,N,N,N,N,N,N
